{
    "model_name": "V2_autoregressive_model",
    "metrics": {
        "MAE_Celsius": 4.366,
        "RMSE_Celsius": 4.811,
        "R_squared": -3.122
    },
    "performance": {
        "training_time_seconds": 0.2508,
        "inference_time_seconds": 0.0028
    },
    "feature_importance": {
        "air_temp": 0.1463935500098442,
        "air_temp_lag_2": 0.10308374601040417,
        "pressure": 0.10221514472826827,
        "humidity_lag_4": 0.09074573111497002,
        "leaf_temp_lag_2": 0.08204448311963487,
        "leaf_temp_lag_1": 0.0728849911140668,
        "humidity_lag_6": 0.05767103388629428,
        "humidity": 0.04290632166058139,
        "humidity_lag_1": 0.03904068869645949,
        "tds_lag_1": 0.03467912789736373,
        "air_temp_lag_5": 0.028610903437286603,
        "air_temp_lag_3": 0.0240490727678058,
        "air_temp_lag_6": 0.02068085511739212,
        "humidity_lag_2": 0.02011341680875147,
        "tds_lag_3": 0.01972901831135829,
        "tds": 0.01913405871727051,
        "humidity_lag_5": 0.01447387286666846,
        "humidity_lag_3": 0.013075297067185349,
        "air_temp_lag_1": 0.013027572927379646,
        "air_temp_lag_4": 0.012921347992297263,
        "tds_lag_4": 0.00691420760590625,
        "leaf_temp_lag_5": 0.006616083013910914,
        "tds_lag_6": 0.006512263807199591,
        "leaf_temp_lag_3": 0.0036366284066800614,
        "soil_moisture_lag_5": 0.0015362133925252023,
        "water_temp": 0.0013939866171237872,
        "soil_moisture_lag_4": 0.0012591031549399224,
        "light_lux_lag_2": 0.00106323030781199,
        "soil_moisture_lag_6": 0.001010920118745235,
        "soil_moisture_lag_3": 0.0009582510392185142,
        "light_lux": 0.0009536911914370324,
        "pressure_lag_4": 0.0009162349631447919,
        "pressure_lag_2": 0.0009040488713392972,
        "soil_moisture_lag_2": 0.000842021045335689,
        "light_lux_lag_6": 0.0008204436370087389,
        "pressure_lag_1": 0.0007670793702023303,
        "soil_moisture_lag_1": 0.0006674968873339807,
        "pressure_lag_3": 0.0005999162993452227,
        "water_temp_lag_3": 0.0005921632610327188,
        "water_temp_lag_1": 0.00052039426959653,
        "pressure_lag_6": 0.0004762596319122655,
        "water_temp_lag_4": 0.0003967731006678015,
        "light_lux_lag_1": 0.0003866418799583584,
        "water_temp_lag_5": 0.0003782497432059216,
        "water_temp_lag_6": 0.0003671531360434221,
        "leaf_temp_lag_6": 0.00035287372810097965,
        "tds_lag_5": 0.00029935296780247294,
        "water_temp_lag_2": 0.0002842035560614878,
        "soil_moisture": 0.00023242859033534337,
        "leaf_temp_lag_4": 0.0002274304472963104,
        "pressure_lag_5": 0.0001841327026370081,
        "light_lux_lag_3": 0.00017693808344237008,
        "light_lux_lag_5": 0.00015829041264048542,
        "light_lux_lag_4": 6.474013890857142e-05,
        "tds_lag_2": 4.992036986672908e-05
    }
}